FIPS Code,Opioid Rate per 100 per year,Percent Below Poverty Level Estimate Population For Whom Poverty Status Is Determined,"Percent Below Poverty Level Estimate White Alone, Not Hispanic Or Latino",Total Estimate All Individuals With Income Below The Following Poverty Ratios 50 Percent Of Poverty Level,Total Estimate All Individuals With Income Below The Following Poverty Ratios 125 Percent Of Poverty Level,Total Estimate All Individuals With Income Below The Following Poverty Ratios 150 Percent Of Poverty Level,Total Estimate All Individuals With Income Below The Following Poverty Ratios 185 Percent Of Poverty Level,Total Estimate All Individuals With Income Below The Following Poverty Ratios 200 Percent Of Poverty Level,Total Estimate All Individuals With Income Below The Following Poverty Ratios 300 Percent Of Poverty Level,Total Estimate All Individuals With Income Below The Following Poverty Ratios 400 Percent Of Poverty Level,Total Estimate All Individuals With Income Below The Following Poverty Ratios 500 Percent Of Poverty Level,Percent Below Poverty Level Estimate Unrelated Individuals For Whom Poverty Status Is Determined,"Percent Below Poverty Level Estimate Worked Fulltime, Yearround In The Past 12 Months","Percent Below Poverty Level Estimate Worked Less Than Fulltime, Yearround In The Past 12 Months",Percent Below Poverty Level Estimate Did Not Work,Percent With A Disability Estimate Total Civilian Noninstitutionalized Population,"Percent With A Disability Estimate White Alone, Not Hispanic Or Latino",Percent Households Receiving Food Stamps/SNAP Estimate Households,Percent Households Not Receiving Food Stamps/SNAP Estimate Households,Percent Estimate Household Type Marriedcouple Family,Percent Households Receiving Food Stamps/SNAP Estimate Household Type Married couple Family,Percent Households Not Receiving Food Stamps/SNAP Estimate Household Type Marriedcouple Family,Percent Estimate Household Type Other Family:,Percent Households Receiving Food Stamps/SNAP Estimate Household Type Other Family:,Percent Households Not Receiving Food Stamps/SNAP Estimate Household Type Other Family:,Percent Estimate Household Type Nonfamily Households,Percent Households Receiving Food Stamps/SNAP Estimate Household Type Nonfamily Households,Percent Households Not Receiving Food Stamps/SNAP Estimate Household Type Nonfamily Households,Percent Estimate Poverty Status In The Past 12 Months Below Poverty Level,Percent Households Receiving Food Stamps/SNAP Estimate Poverty Status In The Past 12 Months Below Poverty Level,Percent Households Not Receiving Food Stamps/SNAP Estimate Poverty Status In The Past 12 Months Below Poverty Level,Percent Estimate Poverty Status In The Past 12 Months At Or Above Poverty Level,Percent Households Receiving Food Stamps/SNAP Estimate Poverty Status In The Past 12 Months At Or Above Poverty Level,Percent Households Not Receiving Food Stamps/SNAP Estimate Poverty Status In The Past 12 Months At Or Above Poverty Level,Percent Estimate Disability Status With One Or More People With A Disability,Percent Households Receiving Food Stamps/SNAP Estimate Disability Status With One Or More People With A Disability,Percent Households Not Receiving Food Stamps/SNAP Estimate Disability Status With One Or More People With A Disability,Percent Estimate Disability Status With No Persons With A Disability,Percent Households Receiving Food Stamps/SNAP Estimate Disability Status With No Persons With A Disability,Percent Households Not Receiving Food Stamps/SNAP Estimate Disability Status With No Persons With A Disability,"Percent Estimate White Alone, Not Hispanic Or Latino","Percent Households Receiving Food Stamps/SNAP Estimate White Alone, Not Hispanic Or Latino","Percent Households Not Receiving Food Stamps/SNAP Estimate White Alone, Not Hispanic Or Latino",Percent Households Receiving Food Stamps/SNAP Estimate Work Status Families No Workers In Past 12 Months,Percent Households Not Receiving Food Stamps/SNAP Estimate Work Status Families No Workers In Past 12 Months,Percent Households Receiving Food Stamps/SNAP Estimate Work Status Families 1 Worker In Past 12 Months,Percent Households Not Receiving Food Stamps/SNAP Estimate Work Status Families 1 Worker In Past 12 Months,Percent Estimate Work Status Families 2 Or More Workers In Past 12 Months,Percent Households Receiving Food Stamps/SNAP Estimate Work Status Families 2 Or More Workers In Past 12 Months,Percent Households Not Receiving Food Stamps/SNAP Estimate Work Status Families 2 Or More Workers In Past 12 Months,"Labor Force Participation Rate Estimate White Alone, Not Hispanic Or Latino","Unemployment Rate Estimate White Alone, Not Hispanic Or Latino",Labor Force Participation Rate Estimate Poverty Status In The Past 12 Months Below Poverty Level,Unemployment Rate Estimate Poverty Status In The Past 12 Months Below Poverty Level,Labor Force Participation Rate Estimate Poverty Status In The Past 12 Months At Or Above The Poverty Level,Unemployment Rate Estimate Poverty Status In The Past 12 Months At Or Above The Poverty Level,Labor Force Participation Rate Estimate Disability Status With Any Disability,Unemployment Rate Estimate Disability Status With Any Disability,Diagnosed Hiv,ED Heroin Overdose,ED Opioid Overdose,Ems Narcan,Death Fentanylheroin,Death Prescription,Neonatal Abstinance,Reported Hepatitis C,Opioid Cost per Claim,Opioid Daily Supply per Claim,Poverty Status (Last 12 months),Disability (Percent Household),Food Stamps(Percent Household)
51001,64.8,19.6,12.2,3208,8212,10755,13324,13850,20212,24710,27379,36.5,3.9,43.4,54.8,12.4,15.1,14.4,85.6,47.5,18.3,52.4,18,48.9,12.8,34.5,32.8,34.8,17.6,54.1,11.4,82.4,45.9,88.6,22.4,27.7,21.5,77.6,72.3,78.5,66.2,32.5,71.9,26.1,21.2,49,30.5,44.8,24.9,48.3,55.8,4.9,44.5,25.3,81.5,4.6,35.2,7.5,15.2,0,51.6,6.1,0,3,15.5,111.2,28.0102673,22.90177094,25.3,22.4,14.4
51003,61.7,10.2,7.9,5419,12969,15578,20511,22231,34565,47842,58163,22.4,3.4,31.9,40.9,9.2,9.4,5,95,52.9,23.8,54.4,11.1,52.2,8.9,36,24.1,36.7,10.5,43,8.8,89.5,57,91.2,19.2,51.4,17.5,80.8,48.6,82.5,82.9,63.3,83.9,24.2,13.6,47.7,29.3,55.4,28.1,57.1,60.3,3.8,40.8,14.4,83.5,2.8,43.8,8.9,4.7,11.4,71.9,15.1,0.9,1.9,0,18.9,43.66374089,20.1486927,14.4,19.2,5
51005,85.7,17,15.3,1311,3352,4422,5169,5569,8412,10702,12843,29,4.4,36.4,40,18.8,19.2,12.3,87.7,51.4,26.3,54.9,13.2,34.7,10.2,35.4,39.1,34.9,16.6,57.2,11,83.4,42.8,89,35.4,56.8,32.4,64.6,43.2,67.6,94.8,88,95.7,34.6,24.1,31.3,29.8,44.7,34.1,46.1,51.5,4.8,29.6,42,80.4,2.1,33.8,17.1,12.8,0,185,19.1,6.4,6.4,0,0,25.33048761,24.30114377,42,35.4,12.3
51007,52.3,11.6,7.4,806,2159,2571,3639,4247,6105,8548,10221,21.3,0,30.6,33.8,15,15.1,13.1,86.9,61.6,39.1,65,17.2,43.8,13.2,21.2,17.2,21.8,11.1,54,4.6,88.9,46,95.4,31.4,49.4,28.7,68.6,50.6,71.3,71.9,66.1,72.7,24.7,17.4,53.6,28.6,49.6,21.7,54,59.2,2.7,51.8,39.1,77.6,2.4,39,9.3,0,7.8,93,38.8,0,0,14.2,165.6,16.68821751,14.42411966,39.1,31.4,13.1
51009,83,13,11,2242,5915,7365,9996,10643,16729,22207,26228,31.3,6,34.5,48.9,14.3,14.5,11.5,88.5,51,30.8,53.6,16.3,36.6,13.7,32.7,32.6,32.7,13,54.9,7.5,87,45.1,92.5,29.5,41.3,27.9,70.5,58.7,72.1,77.7,68.3,78.9,19.1,16.3,46.5,29.2,52.2,34.4,54.6,60.4,5.9,48.9,23.4,80.2,4.6,35.9,12.7,3.1,0,68.9,3.1,0,0,14,77.5,24.97737173,22.92191317,23.4,29.5,11.5
51011,138.6,17.7,15.2,933,3455,3951,4852,5203,8089,10496,12209,30.7,2.1,28,47.5,17,15.8,16.2,83.8,54.8,20.9,61.4,21.6,55.5,15,23.6,23.6,23.6,17.6,63,8.9,82.4,37,91.1,31.1,63.9,24.8,68.9,36.1,75.2,80.8,56.5,85.5,32.2,17.4,45.7,33.9,44.4,22,48.7,58,5.1,42,28.3,78.1,3.8,30.7,11.4,0,0,136.2,6.5,0,6.5,18,0,40.07643721,20.74257274,28.3,31.1,16.2
51013,26.1,9,4.6,9898,24660,28628,36199,38380,56272,73497,91580,12.3,1.2,24.5,45.2,5.4,5.3,3.9,96.1,37.6,25.5,38.1,8.9,37.8,7.7,53.5,36.6,54.2,6.8,43,5.3,93.2,57,94.7,9.8,43.2,8.5,90.2,56.8,91.5,68.6,21.8,70.5,21.5,6.6,45.1,26.7,65,33.4,66.7,80.6,2.4,52.9,21.3,90.4,2.5,58.4,13.7,14.8,1.7,46.3,15.7,1.7,3.9,0.9,30.5,72.4595338,20.6809246,21.3,9.8,3.9
51015,29.1,9.5,8.5,2766,9277,12565,17236,20221,33799,45538,54493,21.5,1.6,33.7,34.1,14,13.8,7.9,92.1,59.3,30.2,61.8,14.3,49.1,11.4,26.4,20.7,26.8,10.1,44.3,7.2,89.9,55.7,92.8,27.4,49.3,25.5,72.6,50.7,74.5,95.2,87.3,95.9,20.6,15.4,43.3,29.7,53.3,36,54.9,61.1,4.3,48,13,81.8,4.1,40.8,5.4,9.4,0,5.4,10.8,1.3,1.3,3.5,129.7,41.95293551,22.0443256,13,27.4,7.9
51017,6.2,7.7,7.3,155,835,1435,1564,1722,2426,3127,3406,15,2.9,14.3,30.1,14.6,13.7,7.7,92.3,47.3,18.2,49.8,7.6,8.5,7.5,45.1,73.3,42.7,10.9,15.8,10.5,89.1,84.2,89.5,23.5,32.7,22.7,76.5,67.3,77.3,94.7,84.2,95.6,0,22.7,31.8,16.7,60.9,68.2,60.6,65.8,6.3,57.3,0,87.5,4.1,53.4,16.2,0,0,67.1,0,0,0,0,0,17.82096774,17.510454,0,23.5,7.7
51019,46.8,9.7,7.9,3934,10295,12625,17029,19505,34542,47236,56420,24.5,3.8,33.7,39.7,14,14.1,8.7,91.3,58.3,30.1,61,12.3,37.7,9.9,29.4,32.2,29.1,10.1,41.9,7,89.9,58.1,93,27.2,59.3,24.1,72.8,40.7,75.9,90.6,82.8,91.4,17.4,15.8,54.6,30.1,51.9,28,54.1,60.8,5.4,46.7,24.3,81.1,4.3,40.7,19,1.3,1.3,65.6,16.7,1.3,5.1,6.3,66.3,41.91693066,22.4010989,24.3,27.2,8.7
51021,81,10.8,10.7,357,834,977,1570,1662,2834,3735,4891,32.9,26.9,51.1,31.5,17.6,18,14.9,85.1,53.6,34.7,56.9,14,27.8,11.6,32.4,37.5,31.6,12.5,55.3,5.1,87.5,44.7,94.9,31.7,36.2,30.9,68.3,63.8,69.1,98.7,97.7,98.9,26.3,21.5,32.9,29.6,47.7,40.7,48.9,50.6,7.9,71.3,30.7,74.9,5.7,40.3,18.2,0,0,0,15.2,0,15.2,39.2,762.5,39.01943156,29.18158492,30.7,31.7,14.9
51023,41.9,8.2,7.5,1016,3857,4609,6710,7803,13483,19087,23063,21.7,2.1,32.2,35,13.9,14,4.8,95.2,63.8,41.1,65,11.1,25.3,10.4,25.1,33.7,24.6,8.4,51.2,6.2,91.6,48.8,93.8,26.7,57.8,25.1,73.3,42.2,74.9,95.5,93.6,95.6,25,15.3,35.4,27.2,56.8,39.6,57.5,62.9,4.7,46.1,40.9,82.8,2.8,47.5,10.8,3,3,60,45,3,6,12.9,190.6,30.37637643,20.82980204,40.9,26.7,4.8
51025,25.6,22.2,14.4,1563,4064,4827,5764,6033,9820,12081,13191,39.7,6.2,48.6,54.7,18,16,23.7,76.3,43.1,14.5,52,24.1,49.5,16.2,32.8,35.9,31.8,21.4,64.9,7.8,78.6,35.1,92.2,34.3,45.2,30.9,65.7,54.8,69.1,47.4,24.1,54.7,25.6,16.4,47.9,28.2,48.9,26.6,55.4,56.1,2.9,58.2,29.9,81,7.1,36.1,5.3,35.9,0,71.9,12,0,0,0,170.6,21.82615878,20.79038168,29.9,34.3,23.7
51027,88,26.1,26.2,2569,7276,8598,10778,11472,15491,18170,19724,39.9,0.9,67.5,43.2,24.8,24.9,20.8,79.2,51.5,33.2,56.4,18.2,43.4,11.5,30.3,23.3,32.1,26.4,63.7,16.6,73.6,36.3,83.4,45.5,54.7,43.1,54.5,45.3,56.9,97.7,98.3,97.5,50,32.3,41.7,33.6,28.2,8.2,34.1,41.2,10.8,27.1,47.5,61.9,4.6,16.5,20.3,4.4,0,127.3,17.6,4.4,35.1,49.1,460.3,17.24285921,25.93525953,47.5,45.5,20.8
51029,2.1,19.1,15.6,1004,3452,4010,5209,5585,9397,11742,13318,33.5,10.6,34.3,50.9,18.5,18.5,18.5,81.5,50.7,26.3,56.3,18.2,50.4,10.9,31,23.3,32.8,17.9,44.9,11.7,82.1,55.1,88.3,34.2,50.1,30.5,65.8,49.9,69.5,69.9,47.9,75,29.6,18.7,37.4,28.6,48.6,33,52.7,54.3,5.7,53.2,23.3,79,9.8,24.9,9.1,17.6,0,64.6,0,0,0,0,143.1,33.12142752,22.662434,23.3,34.2,18.5
51031,33.9,13.4,11.8,3316,9850,13193,16633,17976,29843,38285,45038,25.4,2.5,33.9,44.2,14.8,14.8,12.2,87.8,54.1,24.7,58.2,16.4,44.2,12.5,29.5,31.1,29.2,13.5,52,8.1,86.5,48,91.9,27.7,44.9,25.3,72.3,55.1,74.7,83.5,77.5,84.3,23.6,17.1,49.8,29.4,50.3,26.6,53.5,62.2,5.2,47.9,17.2,82.9,4.1,38.5,11,1.8,0,41.8,45.4,1.8,5.4,9.4,54.1,31.56653625,21.25473744,17.2,27.7,12.2
51033,20.6,13.3,10.8,1606,4766,6319,7599,8499,13584,17466,20648,26.1,4.8,31.6,49,13.2,13.4,14.5,85.5,51.6,25.1,56.1,23,54.4,17.7,25.4,20.5,26.3,12.8,47.1,7,87.2,52.9,93,29.4,47.3,26.3,70.6,52.7,73.7,66.3,50.1,69.1,16.4,13.3,60.8,29.9,51.6,22.8,56.8,68.2,6,54.4,31.9,84.4,6.2,50.5,22,10,6.7,136.7,50,0,6.7,26,153.7,19.67858469,16.68908514,31.9,29.4,14.5
51035,45.3,16.9,17,1737,7073,9621,11654,12599,18993,23290,26104,31.3,5.4,37.9,46.2,17.9,18.2,13.9,86.1,53.3,32.5,56.6,14.8,36.8,11.2,31.9,30.6,32.1,18.3,57.8,11.9,81.7,42.2,88.1,32.9,50.3,30.1,67.1,49.7,69.9,98.1,98.6,98,18.2,21,54.6,31.2,44.9,27.2,47.8,56.3,7,46.5,19.9,78,5,27.1,26.7,3.4,0,74,37,0,3.4,15,212.9,23.69485594,16.22949123,19.9,32.9,13.9
51036,,13.2,11.8,417,1205,1583,2131,2284,3583,4797,5606,23.3,0.4,39.2,38.8,15,12.5,11.5,88.5,45.2,18.1,48.8,19.4,43.1,16.3,35.4,38.9,34.9,13.4,42.8,9.6,86.6,57.2,90.4,27.3,45.2,24.9,72.7,54.8,75.1,45.1,32.2,46.7,34,18.8,32,33.1,46.5,34,48.1,63.1,6.5,45,45.9,79.3,5.1,30.7,14.6,0,0,42.6,0,14.2,0,0,0,,,45.9,27.3,11.5
51037,43.3,21.3,14.8,1069,3370,4133,5407,6129,8386,9567,10821,41.3,9.9,51.1,52.6,21.4,21.2,19.2,80.8,46.2,18.9,52.6,19.5,41.5,14.3,34.3,39.6,33,21.9,57.9,13.3,78.1,42.1,86.7,39.4,48.2,37.3,60.6,51.8,62.7,67.1,45,72.4,26.2,19.9,57.9,34.2,40.6,15.8,46,56.2,3.8,45.8,23.6,78.4,2.1,27.8,8.8,0,8.2,90.2,16.4,0,0,0,0,42.2311065,26.02166299,23.6,39.4,19.2
51041,73.4,7.4,5.3,11276,33487,43206,58948,65166,115514,165562,207005,18.1,1.7,35.1,33.5,10,10.8,7.4,92.6,55.4,28.3,57.6,16.4,48.8,13.8,28.2,22.9,28.6,6.7,37.7,4.2,93.3,62.3,95.8,21.1,43.5,19.3,78.9,56.5,80.7,69.1,45.8,71,15,10.1,48,28.8,59.2,37,61.1,67.4,5.1,56.3,32.6,84.7,4.6,44.7,15.1,10.1,11.6,101.3,38.1,6.9,2.4,7.6,128.5,40.91304341,18.68258493,32.6,21.1,7.4
51043,27.7,11.1,8.7,909,2316,2586,2976,3056,4845,6953,8555,26.9,3.6,47.9,37.1,11,10.8,7,93,50.2,17.5,52.7,16.3,57.3,13.2,33.5,25.2,34.1,10.7,51.9,7.6,89.3,48.1,92.4,21.8,62.2,18.7,78.2,37.8,81.3,89.5,57.3,92,17.9,14.1,41.9,27.5,57,40.2,58.4,63.9,5.8,56.4,32.8,84,2.7,49.4,7.5,0,13.9,62.7,55.7,7,0,7.6,212.9,44.64215681,26.88721021,32.8,21.8,7
51045,6.5,11.8,9.9,227,837,1306,1619,1673,2887,3809,4267,29.7,0,68.2,32.2,20.7,21.1,11.2,88.8,50.8,15.3,55.3,10.1,37.5,6.6,39.1,47.2,38.1,12.3,52,7.3,87.7,48,92.7,37.2,62.5,34,62.8,37.5,66,98.6,100,98.5,58,20.9,30.5,22.9,51.9,11.5,56.2,53.6,4.2,44.3,26.8,74.5,2.9,23.6,0,0,0,76.8,0,0,0,0,438,22.11957356,27.18336887,26.8,37.2,11.2
51047,71.5,9.3,7.7,1283,6446,8542,11313,13027,20727,28278,33550,23.3,3.6,34.3,41.4,10.4,11,9.8,90.2,58.1,30,61.2,17.2,42.9,14.4,24.7,27.1,24.5,9.3,40.1,6,90.7,59.9,94,22.5,48,19.7,77.5,52,80.3,78.1,54.8,80.6,12.8,12.6,46.2,31.7,54.4,41,55.8,64.5,6,53,30.7,83.3,5.3,37.2,20.2,4,42.5,155.8,54.6,14.2,12.1,4.5,339.9,29.14343549,19.35477218,30.7,22.5,9.8
51049,33.1,20.5,14.6,967,2969,3325,3905,4093,6222,7473,8105,31.7,1.5,43.5,54.2,17.2,16.6,23.1,76.9,44.6,31.1,48.7,23.3,42.9,17.5,32.1,25.9,33.9,16.1,48.6,6.3,83.9,51.4,93.7,34.5,57.3,27.7,65.5,42.7,72.3,66.1,54.1,69.7,43.6,13,37.7,30.7,46.8,18.7,56.3,63.9,7,62.2,36,82.2,7.1,29,0,20.6,0,82.3,10.3,10.3,0,0,67.8,19.24979167,13.375,36,34.5,23.1
51051,137.5,21.4,21.5,1327,4107,5381,6370,6709,10115,11785,12901,36.4,0,47.7,44.3,24.5,24.7,20.2,79.8,53.7,25.8,60.7,17,33.5,12.8,29.4,40.7,26.5,21.6,69,9.5,78.4,31,90.5,44.4,61.8,40,55.6,38.2,60,99.2,99.1,99.3,51.1,28.2,38.6,34.5,32.7,10.3,37.3,43.7,8.5,30.5,20.3,63.7,5.1,18.6,20.1,6.6,0,191.9,105.9,0,46.3,15.6,862.1,43.44865352,27.72217562,20.3,44.4,20.2
51053,5.6,14.8,12.6,1641,5048,6485,7541,8373,15191,19351,22286,33.9,3.8,55.4,52.9,17,17.3,17,83,49.8,25.9,54.7,21.4,50.9,15.4,28.8,23.2,29.9,14.4,48.2,7.5,85.6,51.8,92.5,31.5,40.7,29.6,68.5,59.3,70.4,66,46.8,69.9,29.1,19.2,43.8,30.7,45.9,27.2,50.1,60.2,8.5,55.9,38.5,81,6,39.2,14.3,21.5,0,14.4,50.3,3.6,3.6,0,108.9,41.33981429,25.65684296,38.5,31.5,17
51057,122.9,13.9,9.9,381,2244,2956,3855,4293,6810,8157,9093,25.8,5.7,35.3,43,12.2,14.1,13.1,86.9,46.2,22.8,49.7,16.5,31.7,14.2,37.3,45.5,36.1,14.9,51.7,9.3,85.1,48.3,90.7,24.4,39.2,22.2,75.6,60.8,77.8,59.2,54.3,59.9,22,21,41.7,28.7,48.7,36.2,50.3,59,10.6,57.6,29.2,84,5.1,31.2,9.8,27,0,152.7,27,0,0,0,0,12.99328502,13.80627178,29.2,24.4,13.1
51059,32,6,3.4,30699,93382,119833,158600,172945,279489,389894,495579,13.8,1.6,28,37.2,6.6,7.8,4.2,95.8,58.3,37.4,59.2,13.1,44,11.7,28.6,18.5,29.1,5.4,36.6,4,94.6,63.4,96,14.9,36.3,14,85.1,63.7,86,61.1,23.1,62.8,13.5,6.8,39.5,28.5,63.9,47,64.7,70.7,3.7,58.2,24,85.8,3.7,57.2,8.2,7.5,5.4,68.7,19.3,3.3,2.5,1.9,26.9,67.7869393,20.65311819,24,14.9,4.2
51061,76.5,5.6,4.4,1726,5698,7363,9914,10875,20365,28945,36943,16.2,2.3,25.4,34,10.7,10.7,5,95,62.4,40.1,63.6,11.1,38.1,9.7,26.5,21.8,26.7,5.3,29.5,4,94.7,70.5,96,23.2,42.1,22.2,76.8,57.9,77.8,85.5,66.2,86.5,10.7,10.2,44.5,27.4,61.5,44.9,62.4,68.2,4.5,47.4,29,84,3.7,52.9,14.3,4.4,14.5,123.6,88.7,13.1,8.7,24.8,131.6,71.10910767,18.5817351,29,23.2,5
51063,59.3,10,8.6,401,2051,3241,4444,4872,8783,11312,13044,27.5,5.2,37.6,45.8,14.2,14.1,12.6,87.4,59.1,33.6,62.7,9.2,27.2,6.6,31.8,39.2,30.7,12.9,33.4,10,87.1,66.6,90,28,54.7,24.2,72,45.3,75.8,94.2,87.3,95.2,12.7,19.1,49.7,22.1,56.4,37.6,58.8,63.5,5.5,53.7,23.5,82.7,4.5,38.5,17.8,12.8,0,51.1,12.8,0,0,0,105.2,32.51832063,21.50617608,23.5,28,12.6
51065,36.4,6.6,3.8,1053,2645,3183,4127,4824,9869,14521,17759,16.1,4.9,19.4,27.4,13.5,13,5.2,94.8,60.2,20,62.4,13.1,69.5,10.1,26.7,10.5,27.5,6.5,48.8,4.1,93.5,51.2,95.9,25.2,58.8,23.4,74.8,41.2,76.6,83.5,46.3,85.5,37.2,17.5,37.4,25.5,55,25.4,57,61.4,4.6,35.5,25.8,85.2,4.1,46.4,8.7,3.8,22.9,76.2,26.7,0,0,7.9,83.4,47.39756535,24.32035871,25.8,25.2,5.2
51067,87.4,14.9,12.6,2993,10317,13404,18067,20263,30678,38489,44398,26.2,4.2,33.5,39.6,15.2,15.4,12.4,87.6,57.7,32.3,61.2,13.9,36.9,10.6,28.5,30.8,28.1,13.8,56,7.9,86.2,44,92.1,29.7,48.9,26.9,70.3,51.1,73.1,89.4,79,90.8,16.7,22.2,49.2,30.9,45.4,34.1,46.9,57.3,6.4,50.4,26.8,77.3,3.5,40.3,10,1.8,1.8,90.6,12.4,1.8,3.6,20.6,339.1,30.18806719,21.85887733,26.8,29.7,12.4
51069,59.9,6.5,6.2,2286,8095,11738,16097,17619,31194,42784,55888,19.8,2.1,30.2,37.2,11.7,12.6,6.2,93.8,60.1,15.9,63,13.7,52.2,11.2,26.2,31.9,25.8,6.7,42.6,4.3,93.3,57.4,95.7,24.6,53.4,22.7,75.4,46.6,77.3,89.1,87.3,89.2,21.5,12.3,52.9,27.7,58.1,25.5,60,67.3,4.8,53.3,24.9,84.1,3.7,49.2,7.3,7.2,13.2,46.9,34.9,9.6,7.2,14.2,141.4,44.11342004,20.87791901,24.9,24.6,6.2
51071,142.6,11.3,10.1,629,2579,3366,4631,5463,8946,12118,13907,31.6,2.1,55,41.8,20.6,20.6,9.9,90.1,48.4,14.4,52.2,18.7,37.5,16.6,32.9,48.1,31.2,12.5,60.3,7.2,87.5,39.7,92.8,37.9,70.2,34.3,62.1,29.8,65.7,97.2,91.4,97.9,35.2,18.2,40.1,33.6,46.4,24.7,48.2,58.3,4.4,44.4,29.8,78.4,2.8,37,16.3,18,0,83.8,6,0,12,0,518.6,74.72118019,26.17089374,29.8,37.9,9.9
51073,119.4,7.4,6.9,1136,3894,4638,7589,8485,15688,22139,26567,21.8,3.5,27.9,35.6,14.1,14.3,7.6,92.4,58.1,35,60,13.4,32.3,11.8,28.5,32.7,28.2,8.6,30.6,6.8,91.4,69.4,93.2,28.3,39.6,27.3,71.7,60.4,72.7,87.5,77.7,88.3,16.6,13.9,40.2,30.8,54.5,43.2,55.3,61.3,4.5,47.9,24.5,80.6,3.1,43,15.7,0,10.8,137.3,32.3,13.5,0,2.7,55,22.42873082,16.79444887,24.5,28.3,7.6
51075,15.3,5.7,3.7,412,1533,2221,3020,3388,6158,8418,11255,19,2.8,35,31,11.7,9.5,7.7,92.3,67.7,31.6,70.7,9.8,48.9,6.6,22.5,19.6,22.7,5.9,28.2,4,94.1,71.8,96,24.3,53.7,21.9,75.7,46.3,78.1,81,38.9,84.5,10.8,13.5,41.8,30.7,55.1,47.4,55.8,62.8,4.4,44.6,5.4,80.6,4.5,56.1,9.3,18,4.5,49.4,31.5,0,4.5,7.1,403.2,17.76240011,18.85787671,5.4,24.3,7.7
51077,8.7,21.4,18.9,1007,4431,5518,6991,7514,10725,12799,13902,34.6,2.6,41,46.4,19.1,19.4,19.4,80.6,49.2,26.8,54.6,15.4,35,10.7,35.4,38.3,34.7,22.4,67.1,11.7,77.6,32.9,88.3,33.5,41.7,31.5,66.5,58.3,68.5,93.7,84.9,95.8,27.5,23,50.1,32,40.9,22.4,45.1,52.6,8.1,49.7,35.3,75.9,4.4,24.5,11.4,0,0,50,25,0,0,7.2,90.1,27.21161757,26.91684046,35.3,33.5,19.4
51079,83.1,9.9,7,521,2764,3940,4973,5608,8727,11966,14764,24.5,5.2,39.2,46.9,13.4,14.4,7.6,92.4,58.6,34.9,60.6,12.4,41,10,29,24.1,29.4,8.2,44.9,5.2,91.8,55.1,94.8,27.3,57.5,24.8,72.7,42.5,75.2,88.1,77,89.1,17.6,16.1,36.4,28.6,54.6,46,55.3,63.4,7.3,52.5,38.5,82.5,4.5,42.9,8.3,5.2,26.1,120,146.1,5.2,0,14.9,0,32.13306081,21.06509009,38.5,27.3,7.6
51081,,19.7,9.3,382,2030,2717,3218,3543,4776,6006,6902,29.7,26.3,20.6,36.5,21,19,22.7,77.3,47.7,26.1,54,23.9,51,15.9,28.4,22.9,30,20.8,42.8,14.3,79.2,57.2,85.7,41.7,48.9,39.7,58.3,51.1,60.3,43.1,19.2,50.1,14.4,21.8,48.4,26.9,47.8,37.1,51.3,43.1,4.8,52.4,36.4,86.6,2.9,48.9,18.3,16.8,0,25.2,0,8.4,0,0,228.8,30.50811897,18.89373208,36.4,41.7,22.7
51083,87.8,19.2,14.3,2641,9791,11871,14751,15596,22007,27260,30096,35.6,6.3,36.9,47.8,18.5,16.9,17.1,82.9,46.8,29.9,50.3,18.4,38.3,14.3,34.8,31.9,35.4,19.6,57.3,11.8,80.4,42.7,88.2,33.2,53.7,29,66.8,46.3,71,62.7,45.1,66.3,36.5,16,46.3,34.9,43.4,17.2,49.1,54.2,5.3,38.4,33.5,78.7,4.5,28.8,13.6,2.8,0,14.2,28.5,0,5.7,22.7,20.6,21.23065327,16.69489323,33.5,33.2,17.1
51085,96,6,4.8,2611,8108,10562,14655,16277,30371,44221,58761,17.7,3,32.9,29.4,10,10,4.5,95.5,61.9,29.7,63.4,13.4,47.3,11.8,24.7,23,24.8,6.3,39.3,4.8,93.7,60.7,95.2,21.5,49.4,20.2,78.5,50.6,79.8,87.1,70.4,87.9,14.2,11.1,46.6,25.6,62.1,39.2,63.2,68.3,3.9,60.5,28.8,85.7,2.9,48.4,14.4,6.8,13.6,107.5,23.2,4.8,3.9,7.2,110.7,56.6971376,20.45762601,28.8,21.5,4.5
51087,75.3,10.7,6.7,16511,43810,54424,72123,79778,129576,176714,212794,17.5,2.2,33.9,32,10.2,11.1,8.9,91.1,44.9,22.3,47.1,18.9,54.2,15.5,36.2,23.5,37.4,9.9,49,6,90.1,51,94,20.4,38.7,18.6,79.6,61.3,81.4,59.6,34.7,62,16.6,9.7,51.6,31,56.4,31.7,59.3,68.2,5,58.5,28.4,86,4.4,46.6,18.2,18.1,14.5,124.6,51.1,8.6,2.8,3.3,61,43.7015394,18.88396914,28.4,20.4,8.9
51089,86.9,18.3,15.4,3645,12969,17510,22350,24215,35473,42132,45750,29.3,6.9,43.1,38,18.6,20.5,18.2,81.8,47.9,29.1,52.1,18.6,38.2,14.2,33.5,32.7,33.7,17,53.1,9,83,46.9,91,33.9,49.7,30.4,66.1,50.3,69.6,74.7,61.7,77.6,26,22.5,43.8,30.6,43.8,30.2,46.9,53.8,8.2,44.3,31.3,79.3,6.9,26.4,18.2,5.8,0,90.6,59.8,0,5.8,9.2,228.5,44.03393351,27.06609043,31.3,33.9,18.2
51091,,12.6,12.7,140,451,589,670,704,1235,1604,1791,23.4,0,49.3,29.2,18.4,18.5,9.4,90.6,53.6,26.7,56.4,11.4,16.8,10.8,35,56.4,32.8,12.5,43.6,9.3,87.5,56.4,90.7,34.6,69.3,31,65.4,30.7,69,99.7,100,99.7,50,26.1,40.9,26.5,45,9.1,47.4,51.6,1.1,49.7,0,81.4,1.4,45.8,0,0,0,0,0,45.2,0,0,0,73.9802651,27.86450663,0,34.6,9.4
51093,67.8,11.7,8.4,1979,5080,6093,7896,8553,13295,19189,23500,22.6,5.8,38.4,35,12.1,12.3,12.7,87.3,59.9,26.5,64.8,14,41.2,10,26.1,32.4,25.2,11.5,53.3,5.4,88.5,46.7,94.6,25,39.6,22.9,75,60.4,77.1,72.5,44.1,76.6,26.8,14.9,34.1,26.9,56,39,58.3,66.4,7,57.6,30.2,84,5.6,41.8,13.1,19.3,13.8,60.6,38.6,5.5,2.8,8.4,59,,,30.2,25,12.7
51095,106.1,8.1,5.2,2798,7348,8865,11735,13159,22706,32529,41201,19.6,3.6,32.2,29.2,10.8,10.8,4.5,95.5,57.3,30.3,58.6,13.7,43.8,12.3,29,25.9,29.2,7.3,53.4,5.2,92.7,46.6,94.8,21.5,42.4,20.5,78.5,57.6,79.5,81.4,48.7,83,19.9,20.7,49.4,29.5,48.9,30.7,49.8,57.5,4.7,42.4,27.5,82,3.8,44,9.9,4.1,1.4,98.4,8.2,0,6.8,4.3,10.1,,,27.5,21.5,4.5
51097,,13.4,11,479,1209,1991,2581,2947,3948,4812,5357,21.3,1.3,31.7,31.6,11.4,11.1,9.4,90.6,49.6,29.2,51.7,18,50.6,14.6,32.4,20.3,33.7,8.8,34.3,6.2,91.2,65.7,93.8,20.9,43.5,18.5,79.1,56.5,81.5,72,42.4,75,13.9,12.9,51.4,34.4,50.8,34.7,52.8,59.4,6,49.9,31.2,79.7,3.1,36,0,14,14,111.8,14,0,0,16.7,0,,,31.2,20.9,9.4
51099,53.5,5.5,5.2,481,1859,2641,4025,4996,8293,12259,14949,15.5,1.3,41.9,27.2,10.9,11.2,7.5,92.5,62,46.9,63.2,13.9,34.2,12.2,24.2,18.9,24.6,5.7,26.6,4,94.3,73.4,96,24.2,51.4,22,75.8,48.6,78,77.4,69.9,78,14.6,11.2,51.3,28.4,58.3,34.1,60.4,70.1,6.4,60,20.5,82.5,5.9,46.1,20.9,15.7,11.8,74.5,47,3.9,7.8,6.3,24.8,14.29628718,13.30153846,20.5,24.2,7.5
51101,42.3,11.8,7.8,878,2297,2807,3795,4030,7082,10115,12344,23.3,0,22.4,54.3,11,10.6,7.9,92.1,60.5,33.9,62.8,14.9,49.8,11.9,24.6,16.3,25.3,8.7,40.8,5.9,91.3,59.2,94.1,20.6,51,17.9,79.4,49,82.1,78.4,33.5,82.3,14,14.5,63,24.8,57.4,23,60.7,68.5,4.5,41.9,30.6,84.4,4.1,45.3,12.9,0,12.3,147.5,24.6,6.1,12.3,0,40.7,37.36676166,23.02880219,30.6,20.6,7.9
51103,183.2,11.3,7.8,365,1899,2414,2996,3421,5434,6981,8174,27.4,4.2,31.7,37,15.5,16.4,7.7,92.3,44.3,10.5,47.1,13.9,30.6,12.5,41.8,58.9,40.4,14.1,49.1,11.2,85.9,50.9,88.8,26.7,28.3,26.5,73.3,71.7,73.5,74.3,49.9,76.3,8.5,27.9,40.9,30.3,42.2,50.6,41.7,47.9,5.2,44.4,43.1,83.8,5.7,32.1,31.3,18.2,0,27.4,9.1,0,0,0,167.5,37.30047628,22.29299363,43.1,26.7,7.7
51105,112.3,25.4,26,2314,7741,9167,11172,11980,16513,19891,21718,38.8,11.3,45.5,46.2,25.8,25.8,24.7,75.3,51.5,33.5,57.4,16.1,30.3,11.4,32.4,36.2,31.2,24.5,61.4,12.4,75.5,38.6,87.6,46.8,64.5,40.9,53.2,35.5,59.1,97.1,95.5,97.6,37.4,26.8,41.1,33.2,35.7,21.5,40,45.6,12.2,35,33.1,65.1,7.4,20.2,13.5,4,0,76.8,16.2,0,8.1,31.1,347,31.47817644,26.60580452,33.1,46.8,24.7
51107,38.3,4,2.6,6040,18837,25550,34379,38618,69290,107374,144009,14.1,2.1,29,41.1,5.3,6.2,2.9,97.1,65.5,47,66.1,12,34.6,11.3,22.5,18.3,22.6,3.7,28.4,3,96.3,71.6,97,13,33.2,12.4,87,66.8,87.6,66.3,40.6,67.1,4.2,4.2,36.6,28,67.6,59.1,67.8,75.1,3.7,59.6,18,86.5,3.3,59.8,6.5,5.9,5.9,64.7,14.4,2.4,2.4,2.3,15.7,66.39636123,21.47196383,18,13,2.9
51109,53.2,10,9.6,1385,5013,7110,8944,10290,16033,21795,26792,25.8,4,33.9,39.8,14.6,14.1,9.6,90.4,58.3,30.5,61.2,14,42.3,11,27.7,27.2,27.8,9.5,39.4,6.3,90.5,60.6,93.7,29.1,51.8,26.7,70.9,48.2,73.3,80.3,62.7,82.2,25.9,14.9,47.3,29,53.2,26.8,56.1,62.6,7.8,48.7,38.7,81,5.7,41.8,22.4,2.9,23.1,101.2,89.6,2.9,2.9,19,105.3,34.21672779,21.92746323,38.7,29.1,9.6
51111,3,20.5,11.3,821,2926,3644,4887,5367,7125,8436,9583,28.9,3.4,27.9,43.8,19.5,18,18,82,47.1,24.8,51.9,21.7,48.8,15.7,31.3,26.4,32.4,18.4,57.3,9.8,81.6,42.7,90.2,36.4,54,32.6,63.6,46,67.4,65.4,37.4,71.6,29.6,22.3,43.7,29.3,44.2,26.6,48.4,53.1,5.9,39.1,27.2,76.2,4.3,37.2,11.9,8.1,0,48.8,8.1,8.1,0,0,0,18.49435076,18.38216695,27.2,36.4,18
51113,,12.4,9.5,499,2675,3677,4251,5203,7221,8687,10362,20,6,16.2,37.3,12.7,11.4,10.2,89.8,53.7,32.6,56.1,14.4,44.5,10.9,31.9,22.9,33,12.8,48.8,8.7,87.2,51.2,91.3,24.7,36.3,23.4,75.3,63.7,76.6,91,78.5,92.4,13.9,16.6,44.6,27.5,54.2,41.5,55.9,61.2,6.2,46.8,33.5,83.4,3.8,41.5,9.4,0,30.5,30.5,45.7,0,15.2,13.6,0,43.17931801,22.11452206,33.5,24.7,10.2
51115,60.2,7,6,254,1141,1207,1529,1819,3191,4681,5890,14.9,0,19.2,18.4,14.8,15.2,6.7,93.3,60.6,22,63.4,9.9,51,7,29.5,27.1,29.6,7.9,49,5,92.1,51,95,26.9,30.2,26.7,73.1,69.8,73.3,88.2,93.3,87.9,20.4,24.8,68.8,26,46.6,10.8,49.2,54.3,3.2,49.8,11.3,80.1,3.4,51.3,0,0,0,67.7,45.1,0,0,0,97,31.30304402,20.88096714,11.3,26.9,6.7
51117,112,19.8,12.5,2060,7437,9571,12486,13714,18792,23030,26060,31.3,7.7,32.8,43.8,19,18.4,13.5,86.5,43.8,19.7,47.5,18.6,47.6,14.1,37.6,32.7,38.4,18.8,57.6,12.7,81.2,42.4,87.3,34.4,55.6,31.1,65.6,44.4,68.9,65.1,39.7,69,26.1,21.3,43.2,32.5,44,30.7,46.2,52,5.2,42,23.8,78,4.7,33.9,15.1,16.1,3.2,90.1,25.7,6.4,0,7.3,120.9,44.81892985,23.69126568,23.8,34.4,13.5
51119,4.5,9.5,6.7,379,1493,2068,2764,3077,5198,6842,8087,25.2,5.9,28.2,34.9,16.5,16.4,8.3,91.7,53.8,32.4,55.7,13.2,33.5,11.4,33,34.1,32.9,10.9,62.9,6.2,89.1,37.1,93.8,32.2,53.5,30.3,67.8,46.5,69.7,82.2,66.8,83.6,21.4,25.9,42.9,23.2,49.6,35.7,50.9,51.7,3.6,57.3,16.3,77,5.4,58.2,27.7,0,9.4,113.1,18.9,9.4,9.4,0,0,58.50189156,18.97297775,16.3,32.2,8.3
51121,66,24.8,22.6,14079,25965,28839,34675,37134,48536,60474,67459,51.5,8.7,70.8,67,9.2,9.7,8.5,91.5,43.4,24.1,45.2,10.6,33.9,8.4,46,41.9,46.3,22.6,58.4,19.3,77.4,41.6,80.7,19.5,47.9,16.9,80.5,52.1,83.1,87.8,91.1,87.5,14.1,13.4,57.2,28.3,55.6,28.7,58.3,58.5,5.1,43,13.5,83.8,2.7,41.1,12.8,1,0,87,13.3,0,5.1,17.6,38.2,44.81170801,21.63736735,13.5,19.5,8.5
51125,26.7,14.7,14.5,1346,3111,3840,4735,5178,7968,10024,11711,27.6,6.1,43.5,37.4,14.5,14.4,11.2,88.8,44.3,33.5,45.7,18.7,33.2,16.9,36.9,33.3,37.4,14.5,54.1,9.5,85.5,45.9,90.5,26.5,43.7,24.4,73.5,56.3,75.6,86,59.1,89.4,24.9,15.5,32.9,31.9,51.3,42.2,52.6,59.3,5.4,43.7,18,79.9,3.9,31.2,18.2,6.8,0,101.5,6.8,0,0,7.9,0,36.88061096,23.10163309,18,26.5,11.2
51127,61.6,7,6.7,694,1835,2144,2356,2617,5400,9278,12278,18.9,3.5,36.9,22.7,10.9,10.5,7,93,63.6,24.4,66.5,14,44.7,11.7,22.5,30.9,21.8,6.6,46.5,3.6,93.4,53.5,96.4,24.1,46.1,22.4,75.9,53.9,77.6,85,74.2,85.9,33.6,11.4,37.9,25.5,60.9,28.5,63.1,69.4,5.6,55.2,15.7,84.5,4.5,45.8,12.8,0,14.7,68.7,19.6,4.9,0,5.1,67.5,44.00177235,19.99875312,15.7,24.1,7
51131,112.7,23,13.6,1141,3669,4026,5065,5292,7568,8869,10034,34.9,5.6,37.3,50.7,13.3,13.6,16.7,83.3,41.1,16.6,46,18.3,45,13,40.6,38.4,41.1,23.1,63.3,15,76.9,36.7,85,23.1,29,21.9,76.9,71,78.1,57.6,26.1,64,34.2,22.6,35.7,34.2,40.9,30.1,43.2,51,4.4,56.3,34.8,79.7,5.7,42.9,18.3,16.5,0,139.9,16.5,0,0,8.6,0,33.32262897,18.06192938,34.8,23.1,16.7
51133,34.9,11,5.2,453,1779,2421,3400,3893,6387,7636,9019,19,0,33,27.9,15.2,17.9,8.8,91.2,54.3,25.7,57.1,14.2,42.1,11.5,31.4,32.2,31.3,11.7,51.9,7.8,88.3,48.1,92.2,28,61.2,24.8,72,38.8,75.2,74.7,53.1,76.8,22.8,27.8,53.6,29.6,41,23.6,42.6,47.1,6.5,61,20.5,78.5,5.2,35.8,18.2,8.2,8.2,32.7,8.2,8.2,0,0,78.1,26.12154498,24.40455016,20.5,28,8.8
51135,64.3,24.1,18.7,1540,4415,5266,6396,6868,9044,11188,12352,38.2,1.2,46,49.6,18.6,17.4,23.5,76.5,44.2,26.6,49.7,23.2,48.4,15.4,32.6,25,34.9,22,60,10.3,78,40,89.7,32.6,47.4,28.1,67.4,52.6,71.9,60.9,36.6,68.4,22.6,17.7,55.4,33.1,42.1,21.9,49.2,51.5,4.4,39.5,33.7,75.7,6.5,27.8,41.5,44.7,6.4,121.2,57.4,0,0,0,77.2,24.01669843,18.8336846,33.7,32.6,23.5
51137,96.6,12.1,11.3,1453,5441,6600,8250,9534,16415,20555,23946,21.3,1.4,31.2,40.3,14.5,14.5,8.9,91.1,56.7,39,58.5,15.9,42.7,13.3,27.3,18.3,28.2,10.8,48.9,7,89.2,51.1,93,28.6,51.2,26.4,71.4,48.8,73.6,83.4,55.4,86.2,19.7,18.4,34.1,34.7,46.9,46.2,46.9,57.5,6.6,49.5,25.8,81.3,6,37.8,19.3,5.7,39.6,220.4,39.6,11.3,11.3,7.8,262.1,44.57993883,21.58800838,25.8,28.6,8.9
51139,99.4,16.4,15.6,1678,5141,6707,8545,9775,14722,18228,20322,30.9,10.8,38.1,42,18.2,18.1,13.2,86.8,53,30,56.5,18.2,46.1,14,28.8,24,29.5,15.2,53.4,9.4,84.8,46.6,90.6,33.4,52.4,30.5,66.6,47.6,69.5,96.6,90,97.6,26.4,18.1,55.5,30.6,46.7,18.1,51.3,58.4,9.2,50.9,35.2,79.7,6.4,26.5,16.3,4.2,4.2,143.3,25.3,0,4.2,17.1,241.3,35.15462413,24.23930553,35.2,33.4,13.2
51141,78.1,21.2,18.8,1599,5107,6282,7608,8315,12262,14809,16229,28.9,3.6,20.2,43.4,19,19.5,17.2,82.8,51.4,30.3,55.8,13.7,28.9,10.5,34.9,40.8,33.7,19.2,58.3,11,80.8,41.7,89,34.2,56.5,29.6,65.8,43.5,70.4,92.4,82,94.6,39.4,25.5,36.4,32.7,39,24.3,41.7,50.2,7.9,36.4,33.1,74.6,4,25.2,3.2,0,5.5,49.9,44.3,0,22.2,0,236.6,29.19151445,23.85254597,33.1,34.2,17.2
51143,24.4,16.1,14.7,4110,13344,16641,22076,24831,37376,46376,52764,29.6,3.7,38.3,44.1,17.7,17.6,15.2,84.8,51.6,26.5,56.1,17.4,38.9,13.5,31,34.6,30.4,15.7,51.2,9.4,84.3,48.8,90.6,33.6,49.2,30.8,66.4,50.8,69.2,77.3,64,79.7,21.8,18.5,49.3,29.3,48.8,28.9,52.1,58.5,6.8,47.3,37,79.9,4.4,34.3,14.1,4.8,0,28.9,9.6,1.6,3.2,4.1,84.3,30.12160388,23.43047473,37,33.6,15.2
51145,51.3,4.9,4.4,564,1829,2100,3285,4072,8720,13280,16046,24.1,5.5,34.1,39.3,9.5,9,5.6,94.4,65.7,45.6,66.9,14.5,43.7,12.8,19.8,10.7,20.3,6.5,11.6,6.2,93.5,88.4,93.8,20.3,57.4,18.1,79.7,42.6,81.9,90.1,86.3,90.3,14.9,13.3,51.4,27.4,57.6,33.7,59.2,65.2,4.5,54.7,20.2,82.5,3.9,29.3,26,0,10.7,164.1,46.4,3.6,0,0,766.1,33.63196127,24.74423609,20.2,20.3,5.6
51147,105.2,21,14.1,2110,4580,6293,7687,8848,11763,13938,15506,41,4.5,58.9,57.7,13.1,11.2,17,83,44.6,18.2,50,19.8,56.6,12.3,35.6,25.2,37.7,19.5,54.5,12.3,80.5,45.5,87.7,29.1,40.6,26.8,70.9,59.4,73.2,64,20.5,73,17.2,19.1,57.2,35.7,41.3,25.6,45.1,49,3.6,42.7,22,76.5,3.5,26.6,15.6,8.7,4.4,135.1,30.5,0,4.4,0,38.4,23.89370027,17.60622345,22,29.1,17
51149,,10,6,1136,3969,5241,7280,8467,14429,19189,23818,18.4,0.6,25.3,35.4,13.9,14.4,9,91,61.9,34.8,64.6,17.5,53.2,13.9,20.7,12.1,21.5,8.6,35.1,5.9,91.4,64.9,94.1,28.6,62.5,25.3,71.4,37.5,74.7,63.5,51.7,64.7,25.8,12.3,56.7,39.1,45.5,17.4,48.6,57.9,8,48,36.7,79.4,7.5,43.5,17.7,2.6,0,26.4,7.9,0,5.3,2.8,158.3,30.6764819,19.93405806,36.7,28.6,9
51153,40.6,6.7,3.4,11039,40493,50399,69283,77109,136243,188384,242242,13.9,1.5,31.1,37.6,6.9,8.7,5.9,94.1,60.2,42,61.4,17.2,45.5,15.4,22.6,12.5,23.2,5.5,30.7,3.9,94.5,69.3,96.1,17.1,41.6,15.5,82.9,58.4,84.5,53.6,27.2,55.2,7.6,5.3,43.3,28.9,64.7,49.1,65.8,71.9,4.2,60.3,18.9,85.5,4.4,56.5,10.6,10.6,5.5,62,0,2.9,2.9,2.7,40.8,72.72473123,22.71167274,18.9,17.1,5.9
51155,135.6,13.5,12.8,1896,6138,7807,10094,11285,17311,22978,26741,27.7,3.1,39.1,41.9,16.7,16.8,14.2,85.8,50.4,20.2,55.4,17,42.9,12.7,32.6,36.9,31.9,13.7,53.7,7,86.3,46.3,93,29.9,48.6,26.8,70.1,51.4,73.2,94.7,92.4,95.1,42.1,17.8,40,31.3,46.5,17.9,50.9,58.3,7.2,41.3,27,81,4.9,32.8,17.6,11.7,0,157.3,20.4,0,5.8,39.2,466.8,33.50664468,22.99265781,27,29.9,14.2
51157,,9.9,10.1,318,918,1140,1701,1880,3192,4380,5080,24.5,10.3,34.3,34,12,12.2,5.9,94.1,58.8,65.1,58.4,10.8,20.8,10.2,30.5,14.1,31.5,11.5,25.5,10.6,88.5,74.5,89.4,24.8,46.4,23.5,75.2,53.6,76.5,90.3,62,92.1,0,14.7,50.3,31.5,53.5,49.7,53.8,58.2,2.8,59.6,13.5,76,1.7,38.2,0,0,0,176.2,40.7,0,0,0,209.9,76.99029522,23.07922272,13.5,24.8,5.9
51159,43.5,10.5,9.5,326,1317,1806,2264,2620,3686,5013,6077,28.3,2.5,17.9,46.7,15,14.4,10.9,89.1,50.2,33.7,52.2,20.7,27.9,19.8,29.1,38.5,28,13.9,44.2,10.2,86.1,55.8,89.8,28.3,42.3,26.6,71.7,57.7,73.4,69.7,67.6,69.9,28.6,19.9,34.4,32.6,46.5,37,47.5,50.4,9.2,38,29.2,84.1,5.5,51,21.4,0,0,112.3,33.7,11.2,0,0,72.6,19.55595705,21.85434174,29.2,28.3,10.9
51161,91.1,8.3,6.9,3268,10247,12741,17208,19793,34841,51038,64351,18,2.4,31.1,29.1,11.4,12.1,6.9,93.1,53.4,20.2,55.8,14.8,53.2,12,31.8,26.6,32.2,8.5,49.7,5.4,91.5,50.3,94.6,23.5,41.8,22.1,76.5,58.2,77.9,90.3,84,90.8,18.3,14.8,48.1,31.2,52.5,33.6,54,62,4.5,46.9,24.5,83.1,3.9,42.2,12.6,7.4,13.8,95.3,27.5,5.3,2.1,13.2,266.6,38.2100931,21.73571509,24.5,23.5,6.9
51163,,13.9,13.1,999,4102,5572,7223,7802,12175,15293,17384,28.5,3,38.3,40.7,16.5,16.3,10.4,89.6,53.7,21.5,57.4,13,49.4,8.8,33.3,29.1,33.8,11.7,42,8.1,88.3,58,91.9,31.2,48.2,29.3,68.8,51.8,70.7,94.3,85.4,95.4,16.8,18,64,32.6,46.1,19.2,49.4,54.5,4.2,34.8,31.4,75.8,2.4,31,8,0,4.5,58.2,0,8.9,4.5,20,67.3,28.57200046,22.25410025,31.4,31.2,10.4
51165,32.6,11.1,9.4,3460,11247,14500,20441,22136,38778,51894,60189,21.5,2.6,35,33.6,12.9,13.3,6.7,93.3,58.2,31.1,60.2,13.9,41,11.9,27.9,27.8,27.9,10.4,51.9,7.4,89.6,48.1,92.6,26.3,42.6,25.1,73.7,57.4,74.9,94.2,90.6,94.4,23.4,13.8,37.3,27.4,57.5,39.3,58.8,64.6,4.9,52.1,25.3,84.4,3.8,48,17.1,1.3,5.1,118.3,24.2,0,3.8,2.5,120,38.76375151,21.94484916,25.3,26.3,6.7
51167,117.6,20.7,20.7,2255,8007,9374,11018,11856,17755,22046,24349,37.7,7.5,40.6,48.6,23.6,24,19.3,80.7,52.3,33.8,56.8,14.4,27.5,11.3,33.2,38.7,31.9,21.6,61.1,12.2,78.4,38.9,87.8,42.5,52.2,40.2,57.5,47.8,59.8,97.9,98.4,97.8,45.6,25.8,36.3,31.5,38.3,18.1,42.6,47.5,7.9,26.6,26.8,68.4,5.7,18.9,19.2,0,3.6,125.5,50.2,0,14.3,27.2,773.6,44.87131629,26.58049587,26.8,42.5,19.3
51169,161.9,20.2,19.8,1812,5883,7039,8704,9192,13345,16818,18421,32.6,3.2,43.5,41.9,23.4,23.5,17.2,82.8,55.3,35.6,59.4,13.7,35.9,9.2,31,28.5,31.5,19.3,62.5,10.3,80.7,37.5,89.7,42.5,63.1,38.2,57.5,36.9,61.8,97.5,97.1,97.6,43.4,24.1,39.2,27.7,42.8,17.5,48.2,50.3,9.4,39.4,35.5,73.7,5.3,24.7,19.4,0,0,45.2,18.1,0,4.5,11,338.9,42.56611306,24.81746912,35.5,42.5,17.2
51171,74.7,12.2,11.1,2149,6944,9376,13212,14448,22571,28349,33763,25.2,4.1,34.6,38.4,13.9,14.6,9.5,90.5,53.8,32.5,56,15,37.1,12.7,31.2,30.4,31.3,11.2,49.4,7.2,88.8,50.6,92.8,28.9,46.9,27,71.1,53.1,73,92.4,93.1,92.3,11.9,16.5,51.3,31.5,50.6,36.8,52.1,60.8,6.1,51.4,31.7,83.1,3.7,45.7,15.7,0,6.9,113.5,11.6,6.9,18.5,22.2,97.6,50.8246813,23.40398485,31.7,28.9,9.5
51173,139.7,18.7,17.3,2283,8002,9533,12051,12942,19647,24582,27580,31.4,5.9,35.1,44.8,19.1,19.5,17.8,82.2,49.7,29.6,54,17.5,40,12.7,32.8,30.4,33.3,18,58.5,9.2,82,41.5,90.8,33.4,46.4,30.5,66.6,53.6,69.5,96.3,94.3,96.7,40.2,20.9,40.1,30.8,43,19.6,48.3,54.6,6.6,40.4,26.4,77,4.3,29.1,14.6,3.2,0,206.5,22.2,0,6.4,43.5,242,32.58022433,24.19981636,26.4,33.4,17.8
51175,2.9,15.7,8.2,1193,3565,4240,5365,5890,9053,11494,14214,29.1,0.1,37,50.4,15.9,12.1,17.2,82.8,52.5,23.8,58.5,21.1,49.5,15.2,26.4,26.7,26.4,16.2,59.8,7.1,83.8,40.2,92.9,31.6,50.2,27.7,68.4,49.8,72.3,60.9,36.7,65.9,15.9,16.1,58.6,31.3,47.9,25.4,52.5,63.2,5.7,51.6,30,80.3,4.3,28,10.4,33.1,0,27.6,66.3,5.5,0,0,0,12.43615385,25.03580902,30,31.6,17.2
51177,75.4,8.2,6.4,4590,14724,18368,23672,26912,47522,65785,81340,20,2.3,31.9,39.7,11.2,12,8.6,91.4,61.3,35.1,63.8,17,47.6,14.1,21.7,17.3,22.1,7.5,35.8,4.9,92.5,64.2,95.1,25,44.2,23.2,75,55.8,76.8,75.4,58.8,76.9,15.6,10.3,48.9,29.5,58,35.4,60.2,67.2,5.4,55.7,23,83.1,4.8,50.6,8.1,7.7,10.7,114.2,63.6,9.2,5.4,11.9,136.6,44.02879907,21.56497688,23,25,8.6
51179,53.5,5.2,4.3,2707,9443,12338,19004,20712,35426,53011,70712,19.1,4,31.4,39.9,8,9.2,4.8,95.2,66.4,35.4,68,15.6,53.9,13.6,18,10.7,18.4,4.9,27.5,3.7,95.1,72.5,96.3,18.2,31.1,17.6,81.8,68.9,82.4,70.8,54.8,71.6,13.2,7.8,51.4,30.4,60.4,35.4,61.8,69.2,5.2,53.1,29.9,82.7,4.3,56.7,9.8,9.9,9.2,102.8,28.2,9.9,2.1,3,177.4,73.17684492,22.51520325,29.9,18.2,4.8
51181,,12.9,10.4,308,1187,1790,2137,2267,3321,4256,5620,22.7,11.5,26.3,36.4,15.2,16,15.2,84.8,53.6,17.7,60,19.9,60.1,12.7,26.5,22.2,27.2,11.8,45.6,5.7,88.2,54.4,94.3,28.1,45.8,25,71.9,54.2,75,55.2,23.9,60.9,23.1,13.8,52.5,35.7,46.3,24.4,50.5,64,11.1,59.2,46.1,82,6.4,45.1,31.8,0,0,59.6,0,0,0,0,0,0,0,46.1,28.1,15.2
51183,24.6,20.5,14.6,650,1928,2218,2664,2921,3925,4892,5661,33.3,1.6,32.9,57,16.8,16.8,16.3,83.7,41.3,17.7,45.9,19.4,45.1,14.4,39.3,37.2,39.7,18.7,67.7,9.1,81.3,32.3,90.9,28,41.4,25.4,72,58.6,74.6,52.4,26.7,57.4,34.4,21.1,41.8,36.6,39.1,23.8,42.2,42.9,2.7,55.2,30.2,76.7,1.8,41,9.5,17.1,0,25.6,25.6,25.6,0,0,40.7,16.75158208,25.27756388,30.2,28,16.3
51185,200.5,17.7,17.4,2870,10091,12437,16821,18374,26141,32419,36483,36,4,44.5,48.2,24.1,24.2,17.6,82.4,52.5,35.4,56.2,15,31,11.6,32.5,33.6,32.2,18.7,54.8,11.1,81.3,45.2,88.9,43,62.3,38.9,57,37.7,61.1,96.1,94.4,96.5,19.8,22.7,55.3,32.6,41.3,24.9,44.7,50.6,8.2,35.2,29.6,72,5.3,29.2,13.3,2.3,0,49,25.6,2.3,16.3,33.9,584,27.35796158,26.3035837,29.6,43,17.6
51187,92.4,9.8,9.7,1426,4792,6332,8079,9319,17031,22173,27685,22.2,3.4,36.4,38.5,12.8,12.6,9.3,90.7,52.6,30.2,54.9,17.8,40.8,15.4,29.6,29,29.7,9.9,40.6,6.8,90.1,59.4,93.2,26.1,60.8,22.5,73.9,39.2,77.5,90.1,81.5,91,11.1,11.2,52.8,31.4,55.4,36.1,57.4,65.6,7,56.4,34.5,82.5,4.9,43.7,11.1,0,15.4,94.7,48.6,20.5,17.9,24.3,311.1,44.6,19.34044916,34.5,26.1,9.3
51191,116.1,12.8,12.3,2552,10041,13041,16876,18627,29465,37907,43389,28.4,3.9,36.3,41.8,18.3,18.6,12.9,87.1,52,31.9,55,14.9,35.1,11.9,33.1,33,33.1,13.6,46.9,8.7,86.4,53.1,91.3,32.7,49,30.3,67.3,51,69.7,97.1,98,97,16,20.3,49.2,29.8,48,34.8,49.9,57.5,6.7,44.8,30.1,78.5,4.7,35.3,15,0,1.8,108.1,23.8,1.8,12.8,24.5,445.2,36.18876559,24.09699972,30.1,32.7,12.9
51193,45.7,13.3,12.8,813,3096,4885,5821,6227,10131,11933,13448,26.2,8.2,34.5,35.3,17,16.5,13.2,86.8,47.3,31.9,49.6,14.6,37.4,11.2,38.1,30.7,39.2,14.4,46.4,9.6,85.6,53.6,90.4,33.2,42.6,31.7,66.8,57.4,68.3,71.1,49.8,74.4,16.4,22.5,47.3,29.8,45.9,36.3,47.6,56.1,9,58.4,40.7,78.6,5.9,38.1,11.2,5.7,22.7,85.1,39.7,17,5.7,10.2,80.6,13.28445142,17.96412556,40.7,33.2,13.2
51195,214.1,22.4,21.5,3886,11028,12741,15191,16341,23587,29402,32192,38,6.6,46,48.2,24.9,25.3,20.8,79.2,49.4,29.4,54.7,17.3,40.5,11.2,33.3,30.2,34.1,21.9,65.2,10.6,78.1,34.8,89.4,48.1,64.7,43.7,51.9,35.3,56.3,97.7,97.2,97.8,39.7,23.9,40.4,33.3,37.9,19.8,42.9,48.9,10.6,35.5,39.4,67.6,5.4,24,15.8,5,0,226.6,60.4,2.5,10.1,36.9,244.4,39.89733893,25.17740447,39.4,48.1,20.8
51197,120.5,15.1,14.5,1460,6000,7905,9747,10704,17339,20999,24257,35,11.7,36.5,47.5,18.8,19.2,15,85,52.1,27.1,56.5,15.1,30.3,12.4,32.8,42.6,31.1,16,62.4,7.8,84,37.6,92.2,32.9,51.5,29.6,67.1,48.5,70.4,96.6,97.3,96.5,33.6,18.4,43.8,28.9,48.8,22.6,52.7,57.9,9.1,45.3,30,79.9,6.9,39.6,17.8,6.9,0,37.8,58.4,0,17.2,10.8,273.6,62.87165747,24.99665219,30,32.9,15
51199,50.6,6.4,4.2,1673,5156,6519,9746,10392,20246,29972,38987,15.6,5.7,40.3,18.4,10.1,10.3,3.9,96.1,64.8,28.8,66.3,13.9,66.4,11.8,21.2,4.8,21.9,6.1,35.3,4.9,93.9,64.7,95.1,21.4,35.9,20.9,78.6,64.1,79.1,76.2,37,77.7,13.8,11.4,56.5,32.7,54.7,29.7,55.9,66.3,4.2,68.3,20.6,81.8,4.7,55.7,10.1,16.2,5.9,66.3,45.7,2.9,4.4,4.7,18.1,44.6362417,18.63113772,20.6,21.4,3.9
51510,35.9,8.3,4.2,5669,17180,21810,28302,30246,47676,63709,75935,11,1.7,29.3,37.1,6.2,6.8,4.6,95.4,36.2,24.6,36.8,12.2,45.8,10.6,51.6,29.6,52.6,6.7,52.6,4.5,93.3,47.4,95.5,10.9,28.9,10,89.1,71.1,90,60.5,19.7,62.4,21.8,5.6,46,30.7,61.6,32.1,63.7,79,2.8,63.5,23.6,90.3,3.2,61.7,10.3,25.4,5.9,56,26.1,2,3.3,1.1,42.4,89.95617496,20.26780744,23.6,10.9,4.6
51520,186,20.4,17.5,1762,4782,6270,7833,8538,11986,13913,15338,27.5,11.8,39.8,31.8,20.7,21,21.2,78.8,40.5,18.1,46.6,23,52.3,15.1,36.5,29.7,38.3,19.8,57.5,9.7,80.2,42.5,90.3,36.2,50.6,32.3,63.8,49.4,67.7,93.2,86.6,94.9,35.5,17.6,40.1,32.9,43.7,24.4,49.6,56.4,9.8,53.1,40.2,80.1,6.3,25.5,18.6,0,0,23.3,46.7,0,5.8,19.5,478.1,,,40.2,36.2,21.2
51530,71.9,28.4,27.9,536,2309,2760,3831,3881,4719,5108,5609,37.8,28.8,50.2,37.1,13.6,15.3,17.6,82.4,45.9,38.1,47.6,19,40.6,14.4,35,21.3,38,26.5,51.6,21.1,73.5,48.4,78.9,26.9,40.4,24,73.1,59.6,76,92,100,90.3,3.9,14.9,56.6,40.1,43.8,39.5,45,57.7,6.4,65.3,8.8,78,5.7,22.1,16.8,15.1,0,120.9,75.6,0,0,0,133.8,29.08816766,29.02075848,8.8,26.9,17.6
51540,69.2,25.8,24.4,8101,13195,14190,16476,18309,24081,27854,31251,42.8,3,59.8,72.6,8.9,8,9.3,90.7,30.5,13.4,32.2,13.9,51.1,10.1,55.6,35.5,57.6,21.9,51.9,18.8,78.1,48.1,81.2,17.4,41,15,82.6,59,85,72.4,41.4,75.6,15.5,9.4,58.2,28.5,57.3,26.4,62.1,63.8,3.6,39.7,11.7,86.6,2.6,45.3,8.5,19.3,25.8,137.3,47.2,4.3,2.1,1.7,18.4,34.35766612,19.68602652,11.7,17.4,9.3
51550,68.4,9.7,6.1,9418,29917,36398,46769,50721,89293,124695,153060,16.9,2.7,36.6,31.3,9.6,9.9,8.7,91.3,54.7,26.9,57.4,20.5,56.3,17.1,24.8,16.8,25.6,9,47.2,5.4,91,52.8,94.6,20.7,33.2,19.5,79.3,66.8,80.5,62.6,34.2,65.3,16.8,9.6,48.3,33.4,54.9,34.9,57,67.8,5.5,63.8,29.5,83,4.9,45.4,11.4,9.8,22.1,86.7,40.4,10.6,7.2,4,74,31.44668151,18.01328788,29.5,20.7,8.7
51570,243,11.4,9.1,894,3032,3660,4922,5409,8788,11064,13118,19.4,0.7,30,30.8,16,17.1,8.7,91.3,42.7,34.1,43.5,20,45.1,17.5,37.3,20.8,38.9,8.3,48.8,4.5,91.7,51.2,95.5,30.1,57,27.6,69.9,43,72.4,82.2,67.6,83.5,33.7,13.8,47.4,37.2,45.7,18.9,49,59.4,7.1,48,23.3,83.2,6.7,45.3,24.1,28.1,0,61.7,28.1,0,5.6,6.6,35.4,30.86678008,22.29025317,23.3,30.1,8.7
51580,256.4,25.5,28.2,858,1620,1920,2359,2526,3799,4574,5180,31.8,0,21.6,49.8,20.5,20.9,17.9,82.1,38.2,19,42.4,18.9,54.1,11.3,42.8,26.9,46.3,21.4,60.9,12.8,78.6,39.1,87.2,38.4,53.2,35.3,61.6,46.8,64.7,83.7,94.6,81.4,24.1,23.8,51.4,34.6,37.7,24.5,41.6,53,6.6,36.3,17.6,82.3,4.9,43,12.2,17.7,0,0,123.7,17.7,0,19.2,233.6,58.12031802,26.97565764,17.6,38.4,17.9
51590,188.6,23.7,13.9,3938,12554,15672,19282,20196,27833,32547,35579,35,3.3,50.2,47.4,19.9,21.5,26.9,73.1,33.3,14.7,40.2,24.7,50.2,15.3,41.9,35.1,44.4,23.6,57,11.4,76.4,43,88.6,37.1,50.1,32.3,62.9,49.9,67.7,49.8,27.3,58,27.5,19,53.6,30,41.4,18.9,51,51.6,6.6,49.8,37.1,80.2,7.8,30,27.8,16.6,0,209.1,45.1,4.8,0,7.3,180.2,47.28956403,23.50241188,37.1,37.1,26.9
51595,300.6,34.9,26.3,1054,2261,2557,2877,2966,3663,4381,4784,44.1,7.7,53.2,60.6,21.8,20.3,30.6,69.4,32.7,25.4,35.9,28.7,45.4,21.3,38.6,29.2,42.8,32.9,62.9,19.7,67.1,37.1,80.3,41.8,60.6,33.5,58.2,39.4,66.5,40.6,11.2,53.6,11.8,15.2,56.1,43.1,38.3,32.1,41.7,56.3,11.6,44.7,48.8,82.7,13.1,32.6,43.9,18.2,0,0,54.6,0,0,0,0,,,48.8,41.8,30.6
51600,81.4,7,6.5,1021,2244,2643,3382,3671,6168,8106,10625,23.9,0.6,51.4,39.8,8,9.1,4.3,95.7,54.9,39.4,55.5,13.5,9.7,13.7,31.6,50.8,30.8,6.4,35.3,5.1,93.6,64.7,94.9,17.8,58.1,16,82.2,41.9,84,69.6,30.8,71.3,18.6,9.2,50.8,25.3,64.5,30.5,65.5,66.7,4.7,60,21.7,87.9,3.5,56.7,18.3,0,0,0,50,8.3,12.5,0,48.4,33.56552714,17.47494205,21.7,17.8,4.3
51610,64.1,2.7,1.1,155,595,913,1020,1144,2021,2612,3760,10.5,2.5,13.4,40.9,6.8,6.9,2.2,97.8,53.3,22.6,54,10.2,5.2,10.4,36.5,72.2,35.7,2.6,11.3,2.4,97.4,88.7,97.6,14.7,60,13.7,85.3,40,86.3,74,30.4,75,81.3,3.8,18.8,31.5,64.1,0,64.8,75.5,4.5,65.7,23.5,86.5,3.2,57.3,7.1,0,0,86.4,0,0,0,0,51.2,55.544656,16.65887313,23.5,14.7,2.2
51620,271.8,21.2,7.4,480,2400,2976,3699,3909,5107,6217,6985,33.1,2.5,64.2,37,11.4,14.8,29.6,70.4,30.8,7.2,40.8,32.5,68.8,17.2,36.7,24,42,15.5,32.9,8.2,84.5,67.1,91.8,24.1,26.1,23.2,75.9,73.9,76.8,41.3,17.3,51.4,19.3,19.5,68,30,37.1,12.7,50.5,54.5,3.3,65.6,44.5,81.1,5.8,28.7,7.3,35.3,35.3,58.9,58.9,0,11.8,7.5,0,19.96231642,19.69243542,44.5,24.1,29.6
51630,175.9,16.5,15.4,2240,5591,6559,8565,9205,13285,15665,17593,28.5,1.1,38,63,9.8,10.4,17.1,82.9,34.2,15,38.2,22,60.8,13.9,43.8,24.2,47.9,15.9,40.6,10.8,84.1,59.4,89.2,20.2,36,17,79.8,64,83,66.4,38.7,72.1,14.1,11.5,58.8,34.5,47.8,27.2,54,64.1,6.8,52.5,34.1,88.7,5,47.9,24.9,24.9,3.6,120.9,110.2,21.3,3.6,2.5,186,35.99892319,17.50829314,34.1,20.2,17.1
51640,431.1,26.8,23.2,727,2085,2693,3142,3341,4412,5476,5967,36.2,5.2,54.4,43,21.5,25.7,27.2,72.8,36.9,10.8,46.7,23.5,45.8,15.2,39.5,43.4,38.1,25,64.2,10.4,75,35.8,89.6,36.5,52,30.8,63.5,48,69.2,86.6,90.5,85.1,33.2,16.4,49.9,40.5,36.4,16.9,43.1,50.7,6.6,49.6,17.6,75.4,4,16.7,33.6,28.9,0,347.1,188,14.5,14.5,0,2832,30.21815977,22.19014279,17.6,36.5,27.2
51650,86.9,15.3,8.5,9979,26574,34091,43369,47017,70932,91469,104678,23.5,2.9,38,40.9,12.5,13.5,13.2,86.8,39.7,15.7,43.3,22.5,57.1,17.2,37.9,27.2,39.5,13.9,49.3,8.5,86.1,50.7,91.5,24.4,37.6,22.4,75.6,62.4,77.6,44.9,25.6,47.8,18.2,14.3,57.9,33.5,47.9,23.9,52.3,66.1,7.3,57.9,36.4,82.5,6.2,44.1,18.3,20.5,8.8,79.1,49.1,5.9,8.1,3.7,36.5,42.90739147,18.2075566,36.4,24.4,13.2
51660,133.7,32.5,34.3,9538,16758,19220,22395,23615,30975,35575,38419,58,7.3,80.4,71.4,7.5,7.9,12.9,87.1,34.7,33.7,34.8,15.6,40,11.9,49.8,26.3,53.2,25.9,41.9,23.6,74.1,58.1,76.4,18.1,36.5,15.3,81.9,63.5,84.7,74.1,39.2,79.3,8.5,8.2,34.9,30.7,60.2,56.6,61.1,56.7,6,44.6,13.3,86.9,3.2,51.8,8.2,7.6,1.9,70.4,36.2,0,3.8,0,21.8,32.31425036,18.3340928,13.3,18.1,12.9
51670,115.6,19,15.5,1860,5647,6430,8841,9515,14230,17188,18888,27.8,2.5,41.5,40,19.3,21.5,22.2,77.8,30.5,11.3,36,29.2,58.5,20.9,40.3,30.2,43.1,18.8,50.2,9.9,81.2,49.8,90.1,33.2,42.4,30.6,66.8,57.6,69.4,54.5,30.2,61.4,29.4,18.9,41.6,35.4,41.4,29.1,45.8,55.5,8.6,53.9,39.2,79,8.7,34.1,43.5,26.8,26.8,214.5,44.7,0,8.9,5.7,207.6,31.31437314,19.52884538,39.2,33.2,22.2
51678,269,20.2,19.7,493,1096,1223,1479,1521,2159,2482,2730,36.5,6.3,41.1,44.3,11.3,9.7,8.7,91.3,35.8,43,35.1,12.5,18.3,11.9,51.8,38.7,53,18.5,38,16.6,81.5,62,83.4,29,63.4,25.7,71,36.6,74.3,76,49.3,78.5,0,22.9,100,34,38.4,0,43.1,33.7,2.7,35.6,3.4,79,1.8,13,0,0,0,0,27.5,0,0,0,27.2,23.18683396,20.60500687,3.4,29,8.7
51680,137.6,24.8,19.1,8668,20372,24055,28842,30539,41717,49919,55289,39,2.7,61,50.3,12.5,11.9,15.7,84.3,37.8,13.5,42.3,19.6,53.8,13.2,42.6,32.6,44.5,22.2,63.2,14.6,77.8,36.8,85.4,25.3,42.1,22.2,74.7,57.9,77.8,65.4,35.3,70.9,30.2,14.3,47.9,29.9,49.6,21.9,55.8,56.8,5.2,55.3,20.5,84.6,3.8,39.6,11.5,8.8,0,127.8,101.5,1.3,2.5,0.9,84.6,43.09242883,18.17333546,20.5,25.3,15.7
51683,117.1,9.7,5.3,1517,4929,6417,8393,10253,18081,23938,29169,21.7,3.1,39.1,49.4,8,11.5,7.9,92.1,56.9,41,58.3,17,42.1,14.9,26.1,16.8,26.8,7.9,42.4,4.9,92.1,57.6,95.1,18.4,35.2,17,81.6,64.8,83,54.7,36.6,56.2,12.4,5,30.6,28.8,65.3,57,66.2,71.5,6.3,55.1,12.1,86.2,5.7,56.5,11,16.8,12,76.6,31.1,9.6,7.2,5.2,25.4,56.44371682,20.17640884,12.1,18.4,7.9
51685,,7.9,5.5,526,2173,3189,3958,4169,6775,9235,11307,17.5,0,35.9,45.5,8.3,12,7.6,92.4,54.7,50.4,55,17,22.7,16.5,28.4,26.9,28.5,6.4,18,5.5,93.6,82,94.5,21.9,39.9,20.4,78.1,60.1,79.6,50.6,51.8,50.5,0,4.1,48.1,31.3,63.6,51.9,64.6,73.2,4.2,46.4,18,84.2,3.9,57.9,1.1,6.4,0,0,44.5,0,6.4,0,67.3,,,18,21.9,7.6
51690,444.4,23.6,16.1,1233,4150,4849,5915,6630,9158,10663,11301,33.4,2.5,32.9,49.1,21,23.5,27,73,32.3,13.2,39.4,22.9,45.6,14.6,44.7,41.2,46,24,60.6,10.4,76,39.4,89.6,36.6,48.5,32.2,63.4,51.5,67.8,55.5,38,61.9,27.2,16.5,51.8,35.9,39.9,21.1,47.6,47.8,5.8,34.7,39.9,79.4,6.3,27.9,27.9,0,0,0,51.3,14.7,14.7,19.2,154.7,41.58684294,25.12769877,39.9,36.6,27
51700,69.1,15.7,7.7,12722,36009,45656,58238,62322,95405,120324,139522,22.5,2.2,41.3,42.8,12.6,13.2,15.4,84.6,38.4,18.4,42.1,23.5,56.6,17.4,38.1,25,40.5,14.5,49.4,8.1,85.5,50.6,91.9,24.5,38.2,22,75.5,61.8,78,48.3,18.9,53.7,18,11,51.4,35.6,49.1,30.5,53.4,67,6.6,55.8,25,85.2,6.5,51,15.3,20.8,7.7,142,75.1,9.3,3.3,4.3,46.4,54.08733361,19.04396327,25,24.5,15.4
51710,70.8,21,13.7,22393,59013,71537,87820,93687,133120,162938,182109,30.4,4.5,47.1,57.1,12.5,13,17.4,82.6,34.3,16.2,38.1,23.4,53.5,17.1,42.3,30.3,44.8,19.2,54.9,11.7,80.8,45.1,88.3,23.6,41.7,19.8,76.4,58.3,80.2,48.2,20.7,54,20.9,10.4,53.5,36.6,47.3,25.6,53,69.4,7.4,53.6,28.4,84.3,7.1,37.2,21.6,31.3,20.7,89.3,12.2,13.4,8.1,3.8,23.2,49.88031022,18.69521099,28.4,23.6,17.4
51720,504.9,24,24.8,367,1112,1339,1714,1826,2559,3099,3502,34.1,10,78.3,40.9,18.2,18.8,28.2,71.8,32.6,30.1,33.6,20.9,42,12.6,46.4,27.9,53.7,29.2,61.6,16.5,70.8,38.4,83.5,34.1,56.2,25.4,65.9,43.8,74.6,88.4,90.2,87.7,28.2,12.1,39,25.5,51.2,32.9,62.4,61.3,11.3,45.7,16.8,78.9,9.2,26.1,31.3,0,0,558.5,76.2,0,25.4,58.8,411,36.0219058,26.51018096,16.8,34.1,28.2
51730,157.5,28,16,3586,10709,12474,15644,16671,21793,26092,27800,33.8,6.5,40.9,56.8,20.4,21.7,28.9,71.1,27,12.4,33,27.8,47.5,19.8,45.2,40.1,47.3,25.5,58,12.3,74.5,42,87.7,34.6,50.2,28.2,65.4,49.8,71.8,17.1,5.3,21.8,35.6,17.1,46.9,41.6,33.8,17.5,41.4,55.4,6.9,47.6,32.9,78.7,9.2,25.2,23.2,98.5,6.2,49.3,43.1,9.2,0,5.8,73.6,62.02347117,20.7384525,32.9,34.6,28.9
51735,93.7,4.2,4.5,259,661,918,1265,1438,2954,4821,6582,11.2,0,17.3,26.9,10.1,10.7,3,97,62.6,36.5,63.4,11.2,57.7,9.7,26.2,5.8,26.9,4.6,13.1,4.4,95.4,86.9,95.6,21.8,33.6,21.4,78.2,66.4,78.6,96.3,100,96.2,3.9,18,77.5,26.2,54.4,18.6,55.8,64.6,4.7,40.6,53.8,84.6,3.6,53.2,16.3,8.3,0,82.9,24.9,16.6,8.3,10.3,121.2,6.164444444,3.472222222,53.8,21.8,3
51740,114.5,18.2,8.6,8511,21365,26550,33216,35800,54474,67607,77853,23,4.2,36,39.9,13.6,14.3,16.5,83.5,35.9,13.8,40.3,27.3,60.2,20.7,36.8,26,38.9,16.1,51.5,9.1,83.9,48.5,90.9,26.2,36.9,24.1,73.8,63.1,75.9,44,17.6,49.2,21.3,14.1,52.5,37.4,44.1,26.1,48.4,64.7,6.5,62.1,37,81.1,7.2,43.2,19.7,28.1,34.3,161.1,84.2,13.5,9.4,8.4,46,79.76759629,24.23220216,37,26.2,16.5
51750,108.3,39,40.3,3955,6276,6874,7870,8105,10036,11474,12132,69.2,3.8,80.3,82.6,12.3,12.3,10.5,89.5,31.1,13.3,33.2,12.6,45.2,8.8,56.2,41.4,58,37.4,68.8,33.7,62.6,31.2,66.3,24.4,64.3,19.7,75.6,35.7,80.3,89.7,90.6,89.6,51.5,13.6,25.1,30.7,51.2,23.4,55.8,52.7,9.1,43.6,17,79.9,2.5,30.4,12.5,5.7,5.7,149.4,17.2,0,0,50.7,23.2,,,17,24.4,10.5
51760,59.4,25.5,14.2,28128,63390,74570,88051,93117,126155,148016,162964,31.5,3.6,47.7,56.4,15.4,11.3,17.1,82.9,23.9,12.8,26.2,22.7,56.4,15.7,53.5,30.9,58.1,22.4,58.3,14.9,77.6,41.7,85.1,25.9,49.5,21.1,74.1,50.5,78.9,46.2,11.8,53.2,29.8,12,45.8,33.7,46.7,24.4,54.3,70,4.9,51.2,30.7,85,5.2,42.5,21.2,30.4,27.2,126.2,107.1,19.1,5.9,8.4,70.4,54.75486102,20.85835296,30.7,25.9,17.1
51770,108.3,21.2,15.1,9732,25201,30765,39666,43038,60070,73673,81428,28.7,3.8,44,47,17.6,17.7,19.1,80.9,33.6,16.4,37.6,22.3,47.9,16.3,44.1,35.7,46.1,19.6,58.1,10.5,80.4,41.9,89.5,31.4,53.8,26.1,68.6,46.2,73.9,68.4,48,73.2,22.9,14.3,48.8,30.6,49.2,28.2,55.1,63.5,6.7,53,31.4,83.2,4.6,38.8,21.3,10,32,196.2,86.1,14,8,8.5,261.9,42.55477764,20.51460215,31.4,31.4,19.1
51775,220.7,11.2,9.5,1028,3480,4979,6302,6869,10953,14400,17015,22.2,5.9,29.5,36.4,13.6,13.8,9.9,90.1,46.3,23.1,48.8,16.7,41.3,14,37,35.6,37.2,12.2,52.3,7.8,87.8,47.7,92.2,26.8,47.3,24.6,73.2,52.7,75.4,89,68.6,91.2,16.4,13.7,57.1,31.8,51.6,26.4,54.4,62.5,4.5,61.8,24.2,85,3.2,50.1,13.2,3.9,15.7,208.4,39.3,0,7.9,17.9,263.4,,,24.2,26.8,9.9
51790,190.1,17.7,15.7,1497,5197,6321,7466,8233,12922,16546,19189,29.2,5.8,49.8,39.7,17.6,18.6,10.6,89.4,40.5,17.7,43.2,15.5,44.9,12,44,37.4,44.8,16,51.1,11.9,84,48.9,88.1,30.4,35.8,29.7,69.6,64.2,70.3,87.4,80.9,88.2,27.7,15.7,52.8,32.9,47.6,19.5,51.4,59.6,4.8,52.7,12.2,82.8,3.5,41.5,11.9,12.3,4.1,16.4,24.6,4.1,4.1,13.5,189.4,39.06424258,21.99926882,12.2,30.4,10.6
51800,90,11.5,5,4106,13075,15665,21272,23079,36301,49106,60412,21.8,1.7,35.4,40.7,11.4,11.6,13.9,86.1,52.2,16.8,57.9,21.3,57.3,15.5,26.4,25.9,26.5,10.8,49.3,4.6,89.2,50.7,95.4,23.6,42.6,20.5,76.4,57.4,79.5,53.2,24.6,57.8,23.5,9.9,47.5,32,54,29,58.1,65.8,3.8,50.8,43.8,83.2,4.8,39.3,12.7,13.6,10.2,51,43.1,6.8,4.5,0.9,55.7,27.38050399,18.30837871,43.8,23.6,13.9
51810,65.1,8.3,5.8,17414,50396,64835,91885,102170,178252,250100,303815,14.8,2.7,28.3,30.2,10.1,10.6,6.9,93.1,50.4,25.7,52.2,18.4,54.1,15.8,31.2,20.2,32,7.7,36.8,5.6,92.3,63.2,94.4,20.5,40.4,19,79.5,59.6,81,68.4,41.1,70.4,20.1,10.1,47.4,32.2,55.7,32.5,57.7,69.6,5,56.8,20.9,84.5,4.8,49.6,14.2,15,15.2,61,31.4,7.5,5.1,3.6,42.7,45.37970537,17.88576092,20.9,20.5,6.9
51820,232.1,18.3,15.9,1811,4669,6018,7778,8419,12532,15765,17981,31.8,5.3,43.7,46,14.4,14.7,16.8,83.2,40.8,17,45.6,22,44,17.5,37.2,38.9,36.8,17,51.2,10,83,48.8,90,27.5,38.1,25.3,72.5,61.9,74.7,82.2,75.8,83.5,16.4,16.9,57.9,31.6,47.2,25.7,51.5,60.4,4.7,47.4,14.9,83.1,3,37.1,6.7,4.7,0,9.3,74.4,4.7,14,11.5,85.4,39.05467003,21.33595997,14.9,27.5,16.8
51830,,22.4,19.4,1674,2538,2953,3621,4149,5426,7051,8016,45,2.2,74.5,58.2,9.2,8.5,6.3,93.7,36.3,19.4,37.5,11.5,43,9.4,52.1,37.7,53.1,16.7,48.6,14.6,83.3,51.4,85.4,18.8,29.6,18.1,81.2,70.4,81.9,75.7,51.1,77.3,30.5,21.5,32.2,31.2,46.5,37.3,47.4,47.9,8,35.1,25.5,83.2,3.3,48.5,22.1,0,0,0,19.9,0,0,0,58.2,13.91283019,13.20754717,25.5,18.8,6.3
51840,189.9,16,11.7,1832,6439,7968,10198,11433,14814,17742,20394,26.2,5,43.8,39.8,13.3,13.8,12.2,87.8,38.7,24.1,40.7,18.3,45.8,14.4,43.1,30,44.9,13.8,48.6,9,86.2,51.4,91,27.2,56.9,23.1,72.8,43.1,76.9,77.8,56.5,80.8,14.7,12.5,54.1,31.5,52.3,31.2,56,61.3,5.9,43.4,16,82.9,4.4,42.4,6.8,14.7,58.6,293.2,44,18.3,3.7,37.3,364.5,37.71012193,21.00638271,16,27.2,12.2
